iteration,style_loss,content_loss,total_loss,inference_time,ssim,psnr,lpips,FLOPs
1,0.0,0.2818254232406616,0.2818254232406616,3138.0,-0.0038627344,11.520797826838145,0.9390588402748108,8030986240.0
2,0.0,0.2303066253662109,0.2303066253662109,2982.0,-0.0006195861,12.39753521925306,0.9749430418014526,8030986240.0
3,0.0,0.2642429172992706,0.2642429172992706,2966.0,0.07405389,11.800566085002178,0.8428953886032104,8030986240.0
4,0.0,0.2835945785045624,0.2835945785045624,3109.0,-0.0035311345,11.493619994867458,0.9745635390281676,8030986240.0
5,0.0,0.3223598301410675,0.3223598301410675,3075.0,0.046394214,10.93719047378572,0.9753483533859252,8030986240.0
6,0.0,0.4261391460895538,0.4261391460895538,3057.0,-0.0407453,9.725085506923838,1.0094131231307983,8030986240.0
7,0.0,0.2666557133197784,0.2666557133197784,3145.0,0.025949076,11.761091033771528,0.9985686540603638,8030986240.0
8,0.0,0.2173419594764709,0.2173419594764709,3003.0,0.01662385,12.649164584417306,0.9326746463775636,8030986240.0
9,0.0,0.3522047102451324,0.3522047102451324,3089.0,-0.003656257,10.55264804718104,0.9648968577384948,8030986240.0
10,0.0,0.2981695234775543,0.2981695234775543,3128.0,0.0008995581,11.275967390194864,0.9424556493759156,8030986240.0
11,0.0,0.2922676503658294,0.2922676503658294,3092.0,0.005908155,11.362792502766352,0.9674521684646606,8030986240.0
12,0.0,0.249769702553749,0.249769702553749,2897.0,0.0017152657,12.04520245784848,0.9483909010887146,8030986240.0
13,0.0,0.2975838482379913,0.2975838482379913,2930.0,0.00025590663,11.284506351395136,0.9821926355361938,8030986240.0
14,0.0,0.3413914144039154,0.3413914144039154,3149.0,0.0016037644,10.68807442147877,0.9241656064987184,8030986240.0
15,0.0,0.344591349363327,0.344591349363327,3017.0,0.0031175031,10.647556416995084,0.9552571773529052,8030986240.0
16,0.0,0.3927582204341888,0.3927582204341888,2967.0,-0.0005488711,10.07934737159814,0.9767866134643556,8030986240.0
17,0.0,0.2875992655754089,0.2875992655754089,3119.0,0.0074927984,11.432722299215024,0.991704523563385,8030986240.0
18,0.0,0.2710801362991333,0.2710801362991333,3049.0,0.004277359,11.689623344863609,0.9469785094261168,8030986240.0
19,0.0,0.2960096001625061,0.2960096001625061,3040.0,0.032240584,11.307541714710537,0.9816832542419434,8030986240.0
20,0.0,0.2655989527702331,0.2655989527702331,3101.0,0.004265487,11.77833633708204,1.008230447769165,8030986240.0
21,0.0,0.2448542118072509,0.2448542118072509,2914.0,0.07245762,12.13152437119047,1.037519931793213,8030986240.0
22,0.0,0.3071170747280121,0.3071170747280121,2906.0,0.010474724,11.1475597895801,1.0778923034667969,8030986240.0
23,0.0,0.3424746990203857,0.3424746990203857,2923.0,0.040154,10.674314960606072,0.99531352519989,8030986240.0
24,0.0,0.2403531521558761,0.2403531521558761,3035.0,0.040305745,12.212101301748095,0.9792559146881104,8030986240.0
25,0.0,0.3358769714832306,0.3358769714832306,2976.0,-0.0011486374,10.758797187930163,0.9713206887245178,8030986240.0
26,0.0,0.2347439527511596,0.2347439527511596,3127.0,-0.043707386,12.3146551711812,0.9637574553489684,8030986240.0
27,0.0,0.2166764885187149,0.2166764885187149,3014.0,0.028209735,12.662482123772122,0.9298545718193054,8030986240.0
28,0.0,0.3006624281406402,0.3006624281406402,3062.0,-0.0027838182,11.239808731766384,0.9330689907073976,8030986240.0
29,0.0,0.2219442278146743,0.2219442278146743,2891.0,0.01579638,12.55816064730695,0.8866250514984131,8030986240.0
30,0.0,0.265478104352951,0.265478104352951,3079.0,0.016425049,11.78031270109712,0.9480371475219728,8030986240.0
31,0.0,0.2848468422889709,0.2848468422889709,2891.0,-0.002670567,11.47448583768165,0.9703022837638856,8030986240.0
32,0.0,0.3196260333061218,0.3196260333061218,3006.0,-0.02164915,10.97417831789447,0.9548397660255432,8030986240.0
33,0.0,0.3014439046382904,0.3014439046382904,2880.0,0.029377807,11.22853463801954,0.9502233862876892,8030986240.0
34,0.0,0.2588293850421905,0.2588293850421905,3075.0,-0.0038694963,11.89046437477321,0.9297200441360474,8030986240.0
35,0.0,0.2500377297401428,0.2500377297401428,2976.0,0.09040697,12.040544762173145,0.9503808617591858,8030986240.0
36,0.0,0.2742014229297638,0.2742014229297638,3078.0,0.006888057,11.63990276760106,0.9453188180923462,8030986240.0
37,0.0,0.2314181327819824,0.2314181327819824,3004.0,0.13440935,12.376626260229695,0.9377626180648804,8030986240.0
38,0.0,0.1852398365736007,0.1852398365736007,2990.0,0.14635769,13.343256127217876,0.9511685371398926,8030986240.0
39,0.0,0.3173424899578094,0.3173424899578094,3099.0,-0.052931845,11.005317887249742,0.9786473512649536,8030986240.0
40,0.0,0.3338916301727295,0.3338916301727295,2878.0,-0.03827236,10.784544518879772,0.971415102481842,8030986240.0
41,0.0,0.3163119852542877,0.3163119852542877,3049.0,-0.04532493,11.01944341455174,0.9236872792243958,8030986240.0
42,0.0,0.3550740778446197,0.3550740778446197,2979.0,-0.00508699,10.5174103347267,0.9333214163780212,8030986240.0
43,0.0,0.2689854800701141,0.2689854800701141,2946.0,0.013769478,11.723310821117249,0.9480087161064148,8030986240.0
44,0.0,0.3176412880420685,0.3176412880420685,2975.0,0.00096438156,11.001230345120751,0.9740890264511108,8030986240.0
45,0.0,0.2975614964962005,0.2975614964962005,3086.0,0.0004944517,11.284832889531389,0.95421701669693,8030986240.0
46,0.0,0.3907854855060577,0.3907854855060577,2911.0,0.008779954,10.101215628259778,0.9363901615142822,8030986240.0
47,0.0,0.2881225645542145,0.2881225645542145,3098.0,0.0027119135,11.424827822048789,0.9616865515708924,8030986240.0
48,0.0,0.3567558526992798,0.3567558526992798,2969.0,0.030898105,10.496889078138611,0.9690426588058472,8030986240.0
49,0.0,0.2949329912662506,0.2949329912662506,3045.0,0.041553304,11.323366679663591,1.0119255781173706,8030986240.0
50,0.0,0.3417534828186035,0.3417534828186035,3002.0,0.03194366,10.683470047845864,0.9858348369598388,8030986240.0
51,0.0,0.2213127464056015,0.2213127464056015,2945.0,0.12725857,12.570535260961009,0.957348108291626,8030986240.0
52,0.0,0.2682971358299255,0.2682971358299255,3127.0,0.0030613136,11.734439696330494,0.9895058870315552,8030986240.0
53,0.0,0.2816329896450043,0.2816329896450043,3099.0,0.07643063,11.52376513197511,0.9666115045547484,8030986240.0
54,0.0,0.3213148415088653,0.3213148415088653,3056.0,0.03682718,10.951292013947098,0.988321840763092,8030986240.0
55,0.0,0.2868724763393402,0.2868724763393402,2909.0,0.0023724725,11.443711487858993,0.9692726731300354,8030986240.0
56,0.0,0.2149007320404052,0.2149007320404052,3017.0,0.12782621,12.698220743480247,0.955133855342865,8030986240.0
57,0.0,0.267161875963211,0.267161875963211,3013.0,0.053150408,11.752855116580005,0.9684700965881348,8030986240.0
58,0.0,0.2830900251865387,0.2830900251865387,2926.0,0.013473499,11.501354363526088,0.9613773226737976,8030986240.0
59,0.0,0.287586361169815,0.287586361169815,3107.0,-0.03652996,11.432917004011191,0.9967160820961,8030986240.0
60,0.0,0.2408625483512878,0.2408625483512878,2905.0,0.052105196,12.202906969946936,0.9441255331039428,8030986240.0
61,0.0,0.3336785137653351,0.3336785137653351,2890.0,0.038710877,10.787316939189504,0.9644428491592408,8030986240.0
62,0.0,0.2634996771812439,0.2634996771812439,2910.0,0.085928045,11.812799023101451,0.9639426469802856,8030986240.0
63,0.0,0.2643488645553589,0.2643488645553589,3013.0,0.0463921,11.798825521323735,0.9868117570877076,8030986240.0
64,0.0,0.2497536092996597,0.2497536092996597,3107.0,0.025064107,12.045481869081511,0.9654504656791688,8030986240.0
65,0.0,0.2536454796791076,0.2536454796791076,2982.0,0.09010389,11.97832899830515,0.9963576793670654,8030986240.0
66,0.0,0.2414174675941467,0.2414174675941467,2957.0,0.043034043,12.1929131753079,0.9677350521087646,8030986240.0
67,0.0,0.3378554284572601,0.3378554284572601,3131.0,-0.009338787,10.733290995666836,0.962963879108429,8030986240.0
68,0.0,0.2727042436599731,0.2727042436599731,2946.0,0.05153674,11.66368071637293,0.9609704613685608,8030986240.0
69,0.0,0.2602002620697021,0.2602002620697021,2891.0,0.0320862,11.867522286547915,0.944166660308838,8030986240.0
70,0.0,0.2450709789991378,0.2450709789991378,2947.0,0.051453654,12.12768119457298,0.925743818283081,8030986240.0
71,0.0,0.2808189392089844,0.2808189392089844,3149.0,0.020235533,11.536335735558998,0.9697372913360596,8030986240.0
72,0.0,0.2014597207307815,0.2014597207307815,2926.0,0.08049911,12.978717312775531,0.9574353694915771,8030986240.0
73,0.0,0.1983810663223266,0.1983810663223266,2899.0,0.05306586,13.04559774116948,0.9403498768806458,8030986240.0
74,0.0,0.3620064556598663,0.3620064556598663,2964.0,-0.029659497,10.433436680771752,0.9842771291732788,8030986240.0
75,0.0,0.3013626635074615,0.3013626635074615,2939.0,-0.043479852,11.22970559019872,0.916188657283783,8030986240.0
76,0.0,0.2355750948190689,0.2355750948190689,3084.0,0.039129812,12.299305873203387,0.9495953321456908,8030986240.0
77,0.0,0.2800894379615783,0.2800894379615783,3053.0,-0.050587095,11.54763257292086,0.9374866485595704,8030986240.0
78,0.0,0.3049652278423309,0.3049652278423309,3140.0,-0.008465011,11.178096434292966,0.9855690002441406,8030986240.0
79,0.0,0.2638225257396698,0.2638225257396698,3085.0,0.03227052,11.80748130830304,0.9649351239204408,8030986240.0
80,0.0,0.2430589199066162,0.2430589199066162,2909.0,0.078242704,12.163484236900404,0.9435017704963684,8030986240.0
81,0.0,0.2753157913684845,0.2753157913684845,3105.0,-0.04376442,11.622288944069208,0.9257391691207886,8030986240.0
82,0.0,0.2362798899412155,0.2362798899412155,3146.0,0.1011658,12.286332317767467,0.9322680234909058,8030986240.0
83,0.0,0.2263424843549728,0.2263424843549728,2896.0,0.063264936,12.472939678715312,0.9668479561805724,8030986240.0
84,0.0,0.2010001987218856,0.2010001987218856,2900.0,0.12622963,12.988634996311772,0.9736830592155457,8030986240.0
85,0.0,0.229455217719078,0.229455217719078,2875.0,0.08073556,12.413620808139845,0.9610896110534668,8030986240.0
86,0.0,0.2322372943162918,0.2322372943162918,2981.0,0.07781976,12.361279985707462,0.9763647317886353,8030986240.0
87,0.0,0.2614320814609527,0.2614320814609527,2882.0,0.08147703,11.847011540266434,0.9742977023124696,8030986240.0
88,0.0,0.2753588557243347,0.2753588557243347,2960.0,0.07301531,11.621609717037815,0.9797364473342896,8030986240.0
89,0.0,0.2565912306308746,0.2565912306308746,2881.0,-0.022377476,11.928182206447278,0.9660322666168212,8030986240.0
90,0.0,0.245579794049263,0.245579794049263,2949.0,0.036915205,12.118673531011584,0.972693920135498,8030986240.0
91,0.0,0.2949065864086151,0.2949065864086151,3018.0,-0.15271656,11.323755336475712,0.9625140428543092,8030986240.0
92,0.0,0.271793395280838,0.271793395280838,3105.0,0.091490895,11.678211054261183,0.9540858268737792,8030986240.0
93,0.0,0.2494618743658065,0.2494618743658065,3156.0,0.028732842,12.050558732060956,0.9326221942901612,8030986240.0
94,0.0,0.2655059695243835,0.2655059695243835,3145.0,0.020362405,11.77985692427667,0.9390943646430968,8030986240.0
95,0.0,0.2520143985748291,0.2520143985748291,2912.0,0.06874917,12.006346140260549,0.9617639780044556,8030986240.0
96,0.0,0.2351324707269668,0.2351324707269668,3003.0,0.043604665,12.307473398632888,0.9461067914962769,8030986240.0
97,0.0,0.2534304857254028,0.2534304857254028,2936.0,0.041023865,11.982011419719727,0.9368006587028505,8030986240.0
98,0.0,0.2919338047504425,0.2919338047504425,3056.0,0.107183695,11.367756057848917,0.9526188373565674,8030986240.0
99,0.0,0.2156680077314376,0.2156680077314376,3117.0,0.14770824,12.682742739758408,0.8841651082038879,8030986240.0
100,0.0,0.2811098396778106,0.2811098396778106,3019.0,0.2511168,11.531839070915142,0.8968248963356018,8030986240.0
101,0.0,0.2850911319255829,0.2850911319255829,3021.0,0.11144408,11.470763474083103,0.887446403503418,8030986240.0
102,0.0,0.2522845268249511,0.2522845268249511,3089.0,0.15189013,12.001693704730387,0.904005527496338,8030986240.0
103,0.0,0.2466907501220703,0.2466907501220703,2910.0,0.037918564,12.099070774764748,0.9404382705688475,8030986240.0
104,0.0,0.2789083421230316,0.2789083421230316,2999.0,0.025982507,11.5659846988574,0.9293734431266784,8030986240.0
105,0.0,0.2851192355155945,0.2851192355155945,3029.0,0.032319397,11.470334420136098,0.9682352542877196,8030986240.0
106,0.0,0.1946155279874801,0.1946155279874801,2904.0,0.15962088,13.12882531812823,0.9026727676391602,8030986240.0
107,0.0,0.2749175727367401,0.2749175727367401,2975.0,0.08211908,11.628574698824249,0.9836824536323548,8030986240.0
108,0.0,0.2836272418498993,0.2836272418498993,3158.0,0.080097966,11.49312046407652,0.9745094776153564,8030986240.0
109,0.0,0.2485744506120681,0.2485744506120681,3117.0,0.16274783,12.06603507341766,0.9680644273757936,8030986240.0
110,0.0,0.2145098745822906,0.2145098745822906,3068.0,0.19107035,12.706126776493738,0.9566663503646852,8030986240.0
111,0.0,0.2204156666994094,0.2204156666994094,3075.0,0.14645681,12.588174818503855,0.930976152420044,8030986240.0
112,0.0,0.2590595483779907,0.2590595483779907,3120.0,0.129953,11.886603965297995,0.9637259840965272,8030986240.0
113,0.0,0.3812322914600372,0.3812322914600372,3094.0,-0.025887411,10.208703378438248,0.9273491501808168,8030986240.0
114,0.0,0.3097434341907501,0.3097434341907501,2966.0,0.044082448,11.110578680270836,0.9646318554878236,8030986240.0
115,0.0,0.2489912062883377,0.2489912062883377,3156.0,0.027181624,12.058759593473557,0.9627925753593444,8030986240.0
116,0.0,0.189706489443779,0.189706489443779,2968.0,0.096321955,13.239777768257454,0.9212366938591005,8030986240.0
117,0.0,0.306249737739563,0.306249737739563,3159.0,-0.10226914,11.15984249952933,0.9355186223983764,8030986240.0
118,0.0,0.2527075111865997,0.2527075111865997,2974.0,-0.065099284,11.994418616974098,0.9452977180480956,8030986240.0
119,0.0,0.3301913142204284,0.3301913142204284,3067.0,-0.009222172,10.83294378244021,0.9921743273735046,8030986240.0
120,0.0,0.281546026468277,0.281546026468277,3133.0,-0.023912087,11.525106117976842,0.9824665784835817,8030986240.0
121,0.0,0.2591865658760071,0.2591865658760071,3158.0,-0.03732237,11.884474935453856,0.9825260639190674,8030986240.0
122,0.0,0.2850376963615417,0.2850376963615417,3077.0,0.008656666,11.47157710366784,0.9559216499328612,8030986240.0
123,0.0,0.288710206747055,0.288710206747055,3094.0,-5.716877e-05,11.415978502950203,0.9678395986557008,8030986240.0
124,0.0,0.2768162488937378,0.2768162488937378,2923.0,0.034656666,11.598684244790846,0.9934726357460022,8030986240.0
125,0.0,0.2795871198177337,0.2795871198177337,2864.0,0.02439257,11.555427951051252,0.9774838089942932,8030986240.0
126,0.0,0.3545319139957428,0.3545319139957428,2957.0,0.0020237998,10.524046698340108,0.9983928799629213,8030986240.0
127,0.0,0.3330170512199402,0.3330170512199402,3062.0,0.05960469,10.795935614135924,0.9685513973236084,8030986240.0
128,0.0,0.2632572054862976,0.2632572054862976,2859.0,0.10143185,11.816797247193213,0.9702793955802916,8030986240.0
129,0.0,0.2107836753129959,0.2107836753129959,3068.0,0.09646076,12.782230167784146,0.9629309177398682,8030986240.0
130,0.0,0.2067965418100357,0.2067965418100357,2946.0,0.05877373,12.865167290411115,0.9518442153930664,8030986240.0
131,0.0,0.2535581290721893,0.2535581290721893,3027.0,0.138505,11.979825051252856,0.95809143781662,8030986240.0
132,0.0,0.2223992198705673,0.2223992198705673,3086.0,0.11193211,12.549267098179842,0.9210487604141236,8030986240.0
133,0.0,0.2105504423379898,0.2105504423379898,2897.0,0.14107984,12.787038513424108,0.9406266808509828,8030986240.0
134,0.0,0.2847836017608642,0.2847836017608642,3138.0,0.080484614,11.475449848796304,0.9590562582015992,8030986240.0
135,0.0,0.2404998987913131,0.2404998987913131,3018.0,0.064767584,12.209451132198616,0.9393093585968018,8030986240.0
136,0.0,0.1847053170204162,0.1847053170204162,2971.0,0.17782193,13.355805566828652,0.9327908754348756,8030986240.0
137,0.0,0.245783731341362,0.245783731341362,3052.0,0.029241052,12.115068384510954,0.9723604917526244,8030986240.0
138,0.0,0.2393820434808731,0.2393820434808731,3070.0,0.027880229,12.229684079630674,0.9295399785041808,8030986240.0
139,0.0,0.2377273589372635,0.2377273589372635,2881.0,0.03123727,12.259808585648477,0.92997008562088,8030986240.0
140,0.0,0.2472962886095047,0.2472962886095047,2967.0,0.008725125,12.088423987373304,0.947352945804596,8030986240.0
141,0.0,0.2522381246089935,0.2522381246089935,2939.0,0.06711273,12.002492663408471,0.9797477722167968,8030986240.0
142,0.0,0.2732857465744018,0.2732857465744018,3057.0,0.049224243,11.654430230093894,0.968802571296692,8030986240.0
143,0.0,0.2745831310749054,0.2745831310749054,2993.0,0.12618674,11.633861722608312,0.9577372670173644,8030986240.0
144,0.0,0.2491775006055832,0.2491775006055832,2905.0,0.03998319,12.05551176337664,0.957392692565918,8030986240.0
145,0.0,0.243359163403511,0.243359163403511,2999.0,0.08673924,12.158122511439196,0.9644911289215088,8030986240.0
146,0.0,0.2226357460021972,0.2226357460021972,3133.0,0.09775244,12.54465106349338,0.92023366689682,8030986240.0
147,0.0,0.1831163614988327,0.1831163614988327,3129.0,0.07770897,13.39332860440624,0.9241101145744324,8030986240.0
148,0.0,0.2239638417959213,0.2239638417959213,2877.0,0.005887579,12.518821085101692,0.897102952003479,8030986240.0
149,0.0,0.2453183382749557,0.2453183382749557,2969.0,0.07403734,12.123299859922945,0.919872224330902,8030986240.0
150,0.0,0.2430209070444107,0.2430209070444107,3159.0,0.0514303,12.164163108987108,0.9267581701278688,8030986240.0
151,0.0,0.2807901799678802,0.2807901799678802,2939.0,0.078704126,11.536780881406594,0.9141961932182312,8030986240.0
152,0.0,0.2423349469900131,0.2423349469900131,2991.0,0.14906454,12.17643944905466,0.9547255039215088,8030986240.0
153,0.0,0.2616221606731415,0.2616221606731415,2892.0,0.1171796,11.843854529568675,0.967271089553833,8030986240.0
154,0.0,0.2512112259864807,0.2512112259864807,2975.0,0.06313907,12.020208928994736,0.9214471578598022,8030986240.0
155,0.0,0.2357077598571777,0.2357077598571777,2963.0,0.051506158,12.296860837051952,0.9589965343475342,8030986240.0
156,0.0,0.1948655396699905,0.1948655396699905,3108.0,0.05846241,13.123249269131724,0.9422628283500672,8030986240.0
157,0.0,0.2382390052080154,0.2382390052080154,3148.0,0.08980574,12.250471305286686,0.9477408528327942,8030986240.0
158,0.0,0.2844181358814239,0.2844181358814239,3079.0,0.06663134,11.48102735452114,0.9563210010528564,8030986240.0
159,0.0,0.1812381893396377,0.1812381893396377,2879.0,0.053910047,13.438102670257509,0.9110552072525024,8030986240.0
160,0.0,0.2490703612565994,0.2490703612565994,3096.0,0.017221449,12.057379584488972,0.9295051097869872,8030986240.0
161,0.0,0.2704424560070038,0.2704424560070038,2899.0,0.037249245,11.699851503425398,0.9527360796928406,8030986240.0
162,0.0,0.2150343209505081,0.2150343209505081,3005.0,0.08475982,12.695521734733347,0.934993326663971,8030986240.0
163,0.0,0.1955150216817855,0.1955150216817855,3009.0,0.062272605,13.108798686492664,0.9152650833129884,8030986240.0
164,0.0,0.2184415310621261,0.2184415310621261,2984.0,0.10022233,12.627248100533269,0.920789122581482,8030986240.0
165,0.0,0.2602565586566925,0.2602565586566925,3041.0,0.075798176,11.86658295064942,0.9174455404281616,8030986240.0
166,0.0,0.2303470224142074,0.2303470224142074,3101.0,0.04975936,12.396774173205904,0.935176432132721,8030986240.0
167,0.0,0.2486647963523864,0.2486647963523864,3032.0,0.06192235,12.06445644487877,0.9637577533721924,8030986240.0
168,0.0,0.2472549676895141,0.2472549676895141,3089.0,0.08704156,12.089149892288908,0.9460338354110718,8030986240.0
169,0.0,0.2746995389461517,0.2746995389461517,3114.0,0.05117036,11.632020502390574,0.969515860080719,8030986240.0
170,0.0,0.1951889544725418,0.1951889544725418,2945.0,0.14832968,13.11604714619774,0.9293135404586792,8030986240.0
171,0.0,0.2601669728755951,0.2601669728755951,2880.0,0.13702315,11.868078470980342,0.910171627998352,8030986240.0
172,0.0,0.259944349527359,0.259944349527359,2941.0,0.121808276,11.871796261210893,0.9148008823394777,8030986240.0
173,0.0,0.2699328660964966,0.2699328660964966,2938.0,0.059574626,11.708042171156524,0.9326267838478088,8030986240.0
174,0.0,0.2154347151517868,0.2154347151517868,3084.0,0.07383308,12.687443305603352,0.9513208866119384,8030986240.0
175,0.0,0.177713468670845,0.177713468670845,3009.0,0.064156435,13.523396394790954,0.9073185920715332,8030986240.0
176,0.0,0.2008255869150161,0.2008255869150161,2885.0,0.0250281,12.992409530637351,0.939422369003296,8030986240.0
177,0.0,0.2315043210983276,0.2315043210983276,3156.0,0.13766138,12.37500876874146,0.9377386569976808,8030986240.0
178,0.0,0.2461890131235122,0.2461890131235122,2911.0,0.08437262,12.10791357830036,0.962387204170227,8030986240.0
179,0.0,0.2340040206909179,0.2340040206909179,2999.0,0.07053068,12.32836675342413,0.942261278629303,8030986240.0
180,0.0,0.3131454288959503,0.3131454288959503,2938.0,0.084697366,11.063139041413136,0.9521397352218628,8030986240.0
181,0.0,0.2557127177715301,0.2557127177715301,3128.0,0.18126133,11.943076313541363,0.938676118850708,8030986240.0
182,0.0,0.2901026904582977,0.2901026904582977,2995.0,0.061572775,11.395082124539377,0.927890419960022,8030986240.0
183,0.0,0.2661934792995453,0.2661934792995453,3116.0,0.08498432,11.76862600258772,0.9096170663833618,8030986240.0
184,0.0,0.2580999433994293,0.2580999433994293,3117.0,0.14639097,11.902720459017116,0.900956094264984,8030986240.0
185,0.0,0.2923592627048492,0.2923592627048492,3033.0,-0.03534175,11.36143135997238,0.9404792189598083,8030986240.0
186,0.0,0.2866575419902801,0.2866575419902801,3158.0,0.061492596,11.446966061447746,0.9247061014175416,8030986240.0
187,0.0,0.1887455433607101,0.1887455433607101,3061.0,0.09194119,13.26183264061576,0.8985366821289062,8030986240.0
188,0.0,0.238460287451744,0.238460287451744,2953.0,0.07707426,12.246439444469084,0.9161543250083924,8030986240.0
189,0.0,0.1672549396753311,0.1672549396753311,3120.0,-0.10082925,13.786810281615814,0.8348010182380676,8030986240.0
190,0.0,0.1830635666847229,0.1830635666847229,2905.0,0.17835447,13.39458069330661,0.9109645485877992,8030986240.0
191,0.0,0.2053966671228408,0.2053966671228408,3001.0,0.029593319,12.89466587969847,0.930383026599884,8030986240.0
192,0.0,0.2369370609521865,0.2369370609521865,2927.0,0.04987578,12.274270156567653,0.9535990953445436,8030986240.0
193,0.0,0.2943041622638702,0.2943041622638702,3014.0,0.024428856,11.332636083967406,0.9384861588478088,8030986240.0
194,0.0,0.2484534233808517,0.2484534233808517,3157.0,-0.0061980495,12.068150197019706,0.8956592679023743,8030986240.0
195,0.0,0.2178955227136612,0.2178955227136612,3123.0,0.057779428,12.638116311780667,0.9108847379684448,8030986240.0
196,0.0,0.217832401394844,0.217832401394844,2903.0,0.06392072,12.639375299583984,0.909223973751068,8030986240.0
197,0.0,0.3154938519001007,0.3154938519001007,3131.0,0.02491838,11.030690345046365,0.9379892349243164,8030986240.0
198,0.0,0.2050138264894485,0.2050138264894485,2985.0,0.096476085,12.902768320181345,0.9343711137771606,8030986240.0
199,0.0,0.2186351865530014,0.2186351865530014,2940.0,0.12801805,12.623399370056884,0.943750500679016,8030986240.0
200,0.0,0.232856884598732,0.232856884598732,3021.0,0.042707615,12.349708910254344,0.9661866426467896,8030986240.0
201,0.0,0.1909987926483154,0.1909987926483154,3130.0,0.049527094,13.210293987142212,0.9165356159210204,8030986240.0
202,0.0,0.2466988414525985,0.2466988414525985,2886.0,0.11502013,12.098929276383728,0.8925513029098511,8030986240.0
203,0.0,0.2099141329526901,0.2099141329526901,3141.0,0.18459105,12.80018297005432,0.8932536244392395,8030986240.0
204,0.0,0.2332683205604553,0.2332683205604553,2900.0,0.07882217,12.342042082724012,0.9082342386245728,8030986240.0
205,0.0,0.2282556742429733,0.2282556742429733,3044.0,0.11651383,12.436384178095569,0.8858034014701843,8030986240.0
206,0.0,0.2789286673069,0.2789286673069,2952.0,0.06831496,11.565668571823258,0.9092819690704346,8030986240.0
207,0.0,0.2596592009067535,0.2596592009067535,3158.0,0.11957892,11.876562636448242,0.9244802594184875,8030986240.0
208,0.0,0.2411744445562362,0.2411744445562362,3121.0,0.08174155,12.197287401623376,0.9225315451622008,8030986240.0
209,0.0,0.1846248358488083,0.1846248358488083,3132.0,0.057193592,13.357698782728392,0.8883613348007202,8030986240.0
210,0.0,0.2418917864561081,0.2418917864561081,2909.0,0.077326894,12.184388806200417,0.928558111190796,8030986240.0
211,0.0,0.21888168156147,0.21888168156147,3012.0,0.14640847,12.618506195808363,0.9178472757339478,8030986240.0
212,0.0,0.2782118618488312,0.2782118618488312,3117.0,0.09742597,11.576843539752376,0.9413071870803832,8030986240.0
213,0.0,0.1843148022890091,0.1843148022890091,3056.0,0.08479041,13.364997875468088,0.9293185472488404,8030986240.0
214,0.0,0.231894388794899,0.231894388794899,2923.0,0.063350245,12.36769704848049,0.9258186221122742,8030986240.0
215,0.0,0.2362886518239975,0.2362886518239975,3016.0,0.09488346,12.286171131072756,0.8836259245872498,8030986240.0
216,0.0,0.2074065804481506,0.2074065804481506,2999.0,0.043784887,12.85237451619514,0.8891266584396362,8030986240.0
217,0.0,0.2175752073526382,0.2175752073526382,3030.0,0.12397979,12.644505889802993,0.9144152998924256,8030986240.0
218,0.0,0.2543129026889801,0.2543129026889801,2971.0,0.06335455,11.966916034232767,0.9203090071678162,8030986240.0
219,0.0,0.2190639972686767,0.2190639972686767,2926.0,0.14374329,12.614889719805264,0.8762716054916382,8030986240.0
220,0.0,0.2141199856996536,0.2141199856996536,2908.0,0.16639978,12.714028048454889,0.9120367169380188,8030986240.0
221,0.0,0.1748563647270202,0.1748563647270202,2952.0,0.040335275,13.59378552735128,0.8917165398597717,8030986240.0
222,0.0,0.1803751736879348,0.1803751736879348,3040.0,0.17918071,13.458831903542986,0.8728662133216858,8030986240.0
223,0.0,0.2496668696403503,0.2496668696403503,3091.0,0.085568376,12.046990756283344,0.9436221718788148,8030986240.0
224,0.0,0.2267425656318664,0.2267425656318664,3002.0,0.12217675,12.46526906122639,0.9089972376823424,8030986240.0
225,0.0,0.2504595816135406,0.2504595816135406,3039.0,0.15511034,12.033223528425587,0.929089605808258,8030986240.0
226,0.0,0.2829743325710296,0.2829743325710296,2993.0,0.021836093,11.50312929031104,0.9420163631439208,8030986240.0
227,0.0,0.2305094450712204,0.2305094450712204,3059.0,-0.007897299,12.39371248090832,0.9162864685058594,8030986240.0
228,0.0,0.1693960577249527,0.1693960577249527,3098.0,0.14285305,13.731566619374886,0.860138475894928,8030986240.0
229,0.0,0.1841711401939392,0.1841711401939392,2898.0,0.10440399,13.368384116249343,0.9046898484230042,8030986240.0
230,0.0,0.2190173417329788,0.2190173417329788,3147.0,-0.028804898,12.615815115313731,0.91791832447052,8030986240.0
231,0.0,0.2958121597766876,0.2958121597766876,2893.0,0.033244587,11.31043943268089,0.9003173112869263,8030986240.0
232,0.0,0.2249463051557541,0.2249463051557541,2925.0,0.06727431,12.499811301205543,0.9089539647102356,8030986240.0
233,0.0,0.2807367742061615,0.2807367742061615,3146.0,0.055406522,11.537606318357987,0.9542151093482972,8030986240.0
234,0.0,0.3055663406848907,0.3055663406848907,3012.0,0.03326208,11.1695448130184,0.9598404169082642,8030986240.0
235,0.0,0.1864412873983383,0.1864412873983383,2878.0,0.0919497,13.31517917770225,0.9264260530471802,8030986240.0
236,0.0,0.2702042162418365,0.2702042162418365,2879.0,0.06428647,11.70367862754498,0.9865560531616212,8030986240.0
237,0.0,0.2629961371421814,0.2629961371421814,2973.0,-0.005393504,11.82110603507912,0.9666593074798584,8030986240.0
238,0.0,0.2369862645864486,0.2369862645864486,3125.0,0.085553266,12.2733684114789,0.9367774724960328,8030986240.0
239,0.0,0.2238160967826843,0.2238160967826843,2864.0,-0.02063365,12.521686969879786,0.928091049194336,8030986240.0
240,0.0,0.2540076375007629,0.2540076375007629,3084.0,0.19383878,11.972131912025445,0.9324771165847778,8030986240.0
241,0.0,0.2520295977592468,0.2520295977592468,3046.0,0.08652594,12.006084841866151,0.8894022703170776,8030986240.0
242,0.0,0.2244608402252197,0.2244608402252197,2975.0,0.10737164,12.509193820647958,0.8673251271247864,8030986240.0
243,0.0,0.2946129441261291,0.2946129441261291,3118.0,0.20898269,11.328081464409244,0.9393952488899232,8030986240.0
244,0.0,0.2066593170166015,0.2066593170166015,2893.0,0.17139053,12.868050164112612,0.8552228808403015,8030986240.0
245,0.0,0.2063842862844467,0.2063842862844467,3087.0,0.13383183,12.873833946711176,0.8846845030784607,8030986240.0
246,0.0,0.2468899637460708,0.2468899637460708,2964.0,0.09165752,12.09556642575852,0.9268419742584229,8030986240.0
247,0.0,0.2262448221445083,0.2262448221445083,2922.0,0.2054385,12.474813173896704,0.8882768750190735,8030986240.0
248,0.0,0.3338584899902344,0.3338584899902344,2982.0,0.019306904,10.784975450170013,0.9168937802314758,8030986240.0
249,0.0,0.1767360568046569,0.1767360568046569,2957.0,0.1981571,13.547348305909711,0.8954200744628906,8030986240.0
250,0.0,0.1928198486566543,0.1928198486566543,3130.0,0.1290534,13.169082368193711,0.8812270164489746,8030986240.0
251,0.0,0.2342879921197891,0.2342879921197891,2944.0,0.06003575,12.32309917210297,0.8797515630722046,8030986240.0
252,0.0,0.2229635566473007,0.2229635566473007,2975.0,0.16157721,12.538261014315935,0.8868485689163208,8030986240.0
253,0.0,0.1994215995073318,0.1994215995073318,3059.0,0.15604122,13.022878360518588,0.9261519908905028,8030986240.0
254,0.0,0.1868405491113662,0.1868405491113662,3003.0,0.06675984,13.305888443976013,0.9004271626472473,8030986240.0
255,0.0,0.1820452064275741,0.1820452064275741,2896.0,0.20125292,13.418807234958832,0.9017558693885804,8030986240.0
256,0.0,0.2518065273761749,0.2518065273761749,3096.0,0.11821633,12.009930102176035,0.9736828207969666,8030986240.0
257,0.0,0.2446415275335312,0.2446415275335312,3101.0,0.06658661,12.13529825108841,0.9617093205451964,8030986240.0
258,0.0,0.2541849017143249,0.2541849017143249,2954.0,0.123888835,11.96910222668203,0.9534891247749328,8030986240.0
259,0.0,0.2244538068771362,0.2244538068771362,2907.0,0.17350855,12.50933033556386,0.9237499237060548,8030986240.0
260,0.0,0.2119317799806594,0.2119317799806594,2956.0,0.083854176,12.758638539025986,0.9161131381988524,8030986240.0
261,0.0,0.2203317731618881,0.2203317731618881,2891.0,0.15612566,12.58982925125006,0.9054402112960817,8030986240.0
262,0.0,0.1872474402189254,0.1872474402189254,3149.0,0.18923163,13.29644103917869,0.910336971282959,8030986240.0
263,0.0,0.198453888297081,0.198453888297081,3088.0,0.25478154,13.044003624913698,0.9179607629776,8030986240.0
264,0.0,0.2554235160350799,0.2554235160350799,3119.0,0.08342056,11.947990698981853,0.928155243396759,8030986240.0
265,0.0,0.2151189297437667,0.2151189297437667,3159.0,0.17061892,12.69381394379132,0.9245463013648988,8030986240.0
266,0.0,0.1655246913433075,0.1655246913433075,2896.0,0.16203243,13.831971989349372,0.856630802154541,8030986240.0
267,0.0,0.2863284945487976,0.2863284945487976,3110.0,0.026473492,11.45195374929351,0.8536152243614197,8030986240.0
268,0.0,0.2229305058717727,0.2229305058717727,3144.0,0.12079027,12.538904604147508,0.9067091941833496,8030986240.0
269,0.0,0.2395030707120895,0.2395030707120895,3002.0,0.06834313,12.22748906197972,0.9399351477622986,8030986240.0
270,0.0,0.2296105474233627,0.2296105474233627,3142.0,0.088423625,12.410681747225867,0.9182045459747314,8030986240.0
271,0.0,0.2749599516391754,0.2749599516391754,2975.0,0.07013066,11.627905497663637,0.9365652799606324,8030986240.0
272,0.0,0.2288052588701248,0.2288052588701248,2933.0,0.115980014,12.42594001920896,0.9334033727645874,8030986240.0
273,0.0,0.2435038536787033,0.2435038536787033,2977.0,0.10063361,12.155541469042516,0.9463332295417786,8030986240.0
274,0.0,0.240075334906578,0.240075334906578,3114.0,0.027095374,12.217124810902057,0.9247533082962036,8030986240.0
275,0.0,0.219368115067482,0.219368115067482,2885.0,0.08698772,12.608864894620028,0.9468688368797302,8030986240.0
276,0.0,0.2151044011116027,0.2151044011116027,2986.0,0.10933633,12.69410715721705,0.9241809248924256,8030986240.0
277,0.0,0.2009749859571457,0.2009749859571457,2861.0,0.08074451,12.989180183025848,0.912190079689026,8030986240.0
278,0.0,0.2748872935771942,0.2748872935771942,3136.0,0.1466826,11.62905311980004,0.9634908437728882,8030986240.0
279,0.0,0.2050938606262207,0.2050938606262207,3146.0,0.120325,12.90107348202158,0.9150891304016112,8030986240.0
280,0.0,0.209540918469429,0.209540918469429,2972.0,0.14029625,12.807911468089832,0.8920352458953857,8030986240.0
281,0.0,0.148062527179718,0.148062527179718,2969.0,0.21857469,14.316148426996785,0.8744246363639832,8030986240.0
282,0.0,0.3269270658493042,0.3269270658493042,3062.0,-0.048155982,10.876091064100834,0.9019883871078492,8030986240.0
283,0.0,0.2525493204593658,0.2525493204593658,3092.0,0.06685407,11.99713769592443,0.9087225794792176,8030986240.0
284,0.0,0.2285221219062805,0.2285221219062805,2954.0,0.19046088,12.431317176237853,0.932057559490204,8030986240.0
285,0.0,0.2087657004594802,0.2087657004594802,2900.0,0.091967896,12.824007784094585,0.9588501453399658,8030986240.0
286,0.0,0.2430427074432373,0.2430427074432373,3138.0,0.016439501,12.16377398732825,0.9563896656036376,8030986240.0
287,0.0,0.2427144199609756,0.2427144199609756,2995.0,0.19934297,12.16964365904217,0.898784875869751,8030986240.0
288,0.0,0.232235237956047,0.232235237956047,3143.0,0.055789903,12.361318708791927,0.94121915102005,8030986240.0
289,0.0,0.2249883860349655,0.2249883860349655,3061.0,0.06846842,12.498998642808228,0.912367343902588,8030986240.0
290,0.0,0.1757814288139343,0.1757814288139343,3075.0,0.07127117,13.570869911135516,0.9513397812843324,8030986240.0
291,0.0,0.2344048619270324,0.2344048619270324,3106.0,0.10501641,12.320934311803626,0.932440221309662,8030986240.0
292,0.0,0.172771617770195,0.172771617770195,2878.0,0.1843906,13.645876249188804,0.8634613752365112,8030986240.0
293,0.0,0.1802214831113815,0.1802214831113815,2867.0,0.087575175,13.46253441615774,0.8915039300918579,8030986240.0
294,0.0,0.2987950146198272,0.2987950146198272,2941.0,0.053094722,11.266866166634678,0.9191333651542664,8030986240.0
295,0.0,0.2539604306221008,0.2539604306221008,2872.0,0.08461657,11.972938995099003,0.9158494472503662,8030986240.0
296,0.0,0.2297620177268982,0.2297620177268982,2990.0,0.13525751,12.407817870245822,0.8791558742523193,8030986240.0
297,0.0,0.229763388633728,0.229763388633728,3093.0,0.16097918,12.407791767046984,0.9297447800636292,8030986240.0
298,0.0,0.2327051907777786,0.2327051907777786,2980.0,0.09222237,12.35253923687178,0.8829713463783264,8030986240.0
299,0.0,0.2003073543310165,0.2003073543310165,2915.0,0.16356693,13.003630930350024,0.8879179954528809,8030986240.0
300,0.0,0.199117437005043,0.199117437005043,3013.0,0.2235848,13.029506766946652,0.8862051367759705,8030986240.0
301,0.0,0.2114952653646469,0.2114952653646469,3076.0,0.15322706,12.767592971136978,0.9141135215759276,8030986240.0
302,0.0,0.2017535418272018,0.2017535418272018,2999.0,0.0816013,12.972388216432728,0.8880084753036499,8030986240.0
303,0.0,0.2855565249919891,0.2855565249919891,2994.0,0.080651596,11.463679138969638,0.943770170211792,8030986240.0
304,0.0,0.2807261049747467,0.2807261049747467,3067.0,0.08638748,11.537771702699624,0.932903528213501,8030986240.0
305,0.0,0.2342124134302139,0.2342124134302139,3045.0,0.065434456,12.32450076649185,0.9042012095451356,8030986240.0
306,0.0,0.2743884027004242,0.2743884027004242,3135.0,0.011742,11.636942712041549,0.9110883474349976,8030986240.0
307,0.0,0.2094963192939758,0.2094963192939758,2916.0,0.10356256,12.808835610409396,0.937053084373474,8030986240.0
308,0.0,0.1919218748807907,0.1919218748807907,3104.0,0.10867562,13.189355015188784,0.874557375907898,8030986240.0
309,0.0,0.2654908299446106,0.2654908299446106,2960.0,0.12747262,11.780105043873544,0.9273754358291626,8030986240.0
310,0.0,0.2328237146139145,0.2328237146139145,2943.0,-0.015230534,12.3503276150045,0.9519864320755004,8030986240.0
311,0.0,0.2743338644504547,0.2743338644504547,3055.0,0.024865804,11.637805641423933,0.8797184228897095,8030986240.0
312,0.0,0.2747701108455658,0.2747701108455658,3047.0,-0.06287147,11.630905204614972,0.9351631999015808,8030986240.0
313,0.0,0.2547041475772857,0.2547041475772857,3097.0,0.024429101,11.960239735675025,0.9284422993659972,8030986240.0
314,0.0,0.2609593570232391,0.2609593570232391,2891.0,0.06653561,11.854870822258714,0.9422643780708312,8030986240.0
315,0.0,0.2430670708417892,0.2430670708417892,2903.0,0.053184062,12.163338491937658,0.9406476020812988,8030986240.0
316,0.0,0.2239023000001907,0.2239023000001907,3045.0,0.16232795,12.520014381372418,0.9108890891075134,8030986240.0
317,0.0,0.2635058760643005,0.2635058760643005,3098.0,0.044895377,11.812696835007996,0.945631504058838,8030986240.0
318,0.0,0.214303970336914,0.214303970336914,2903.0,0.12835053,12.710297351008998,0.93750661611557,8030986240.0
319,0.0,0.232816681265831,0.232816681265831,2977.0,0.11264076,12.350458915775928,0.8760233521461487,8030986240.0
320,0.0,0.3053542971611023,0.3053542971611023,2995.0,-0.07425935,11.172559697718135,0.8920186758041382,8030986240.0
321,0.0,0.2500536143779754,0.2500536143779754,3027.0,0.10921898,12.04026864261123,0.9064124226570128,8030986240.0
322,0.0,0.2410358786582946,0.2410358786582946,3028.0,0.15733264,12.199782673796726,0.9259335398674012,8030986240.0
323,0.0,0.2154697626829147,0.2154697626829147,3083.0,0.039422818,12.686736539844423,0.918844759464264,8030986240.0
324,0.0,0.2022405862808227,0.2022405862808227,2876.0,0.060733218,12.96191649405376,0.908629834651947,8030986240.0
325,0.0,0.2570807635784149,0.2570807635784149,2888.0,0.16226661,11.91990420639673,0.8878084421157837,8030986240.0
326,0.0,0.2010842710733413,0.2010842710733413,2969.0,0.13098037,12.986818727338743,0.9258469343185424,8030986240.0
327,0.0,0.2026877850294113,0.2026877850294113,2900.0,0.12085939,12.952324093079902,0.8894799947738647,8030986240.0
328,0.0,0.1964102536439895,0.1964102536439895,2903.0,0.0452818,13.088958276682469,0.892191469669342,8030986240.0
329,0.0,0.1733924746513366,0.1733924746513366,2863.0,0.09774715,13.63029730884154,0.8789992332458496,8030986240.0
330,0.0,0.1965395659208297,0.1965395659208297,2927.0,0.104561925,13.0860998868083,0.9194296002388,8030986240.0
331,0.0,0.2237494587898254,0.2237494587898254,3042.0,0.105230436,12.522979959575402,0.9015880823135376,8030986240.0
332,0.0,0.2728482782840729,0.2728482782840729,2998.0,0.1802223,11.661387801340508,0.9324071407318116,8030986240.0
333,0.0,0.1868824958801269,0.1868824958801269,3003.0,0.21757136,13.304913599370195,0.8880187273025513,8030986240.0
334,0.0,0.2314059883356094,0.2314059883356094,2999.0,0.0741593,12.376853886170611,0.9033565521240234,8030986240.0
335,0.0,0.1999675035476684,0.1999675035476684,3129.0,0.15341136,13.011006040602116,0.9122949242591858,8030986240.0
336,0.0,0.1649820506572723,0.1649820506572723,2949.0,0.0736318,13.846233043044837,0.8672887086868286,8030986240.0
337,0.0,0.229410633444786,0.229410633444786,3073.0,0.04948642,12.414464057449573,0.9621985554695128,8030986240.0
338,0.0,0.1865228414535522,0.1865228414535522,2994.0,0.12986366,13.313279637896056,0.8908278942108154,8030986240.0
339,0.0,0.2095615863800048,0.2095615863800048,3107.0,0.11240567,12.807482968406624,0.893987774848938,8030986240.0
340,0.0,0.1982722729444503,0.1982722729444503,2877.0,0.123717174,13.047980259332926,0.8716182708740234,8030986240.0
341,0.0,0.2203053086996078,0.2203053086996078,3007.0,0.09821498,12.590350036410044,0.8825427293777466,8030986240.0
342,0.0,0.271093875169754,0.271093875169754,3109.0,0.050124645,11.689403276238352,0.9041541814804076,8030986240.0
343,0.0,0.2025484442710876,0.2025484442710876,2982.0,0.1785737,12.955310984171575,0.9320733547210692,8030986240.0
344,0.0,0.1975617408752441,0.1975617408752441,3144.0,0.17665988,13.063571058924556,0.8726092576980591,8030986240.0
345,0.0,0.2088486403226852,0.2088486403226852,3135.0,0.08310492,12.822283825170867,0.8669223785400391,8030986240.0
346,0.0,0.2274457961320877,0.2274457961320877,2864.0,0.06941044,12.451820509380209,0.902749240398407,8030986240.0
347,0.0,0.2082653492689132,0.2082653492689132,3013.0,0.06089689,12.834430303104794,0.8754759430885315,8030986240.0
348,0.0,0.2176840752363205,0.2176840752363205,3033.0,0.10353804,12.642333324166277,0.8961620926856995,8030986240.0
349,0.0,0.2152879238128662,0.2152879238128662,2933.0,0.047338694,12.690403198886314,0.8682112693786621,8030986240.0
350,0.0,0.1636587381362915,0.1636587381362915,2962.0,0.17223373,13.881208430427703,0.8687071204185486,8030986240.0
351,0.0,0.259205013513565,0.259205013513565,2878.0,0.10990597,11.884165251688849,0.9341617822647096,8030986240.0
352,0.0,0.2363043427467346,0.2363043427467346,3117.0,0.031609528,12.28588304945555,0.9255787134170532,8030986240.0
353,0.0,0.2621895372867584,0.2621895372867584,2894.0,-0.009980658,11.834445809207123,0.8912249803543091,8030986240.0
354,0.0,0.1655398309230804,0.1655398309230804,3038.0,0.13671336,13.83157476760172,0.8912823796272278,8030986240.0
355,0.0,0.2959878146648407,0.2959878146648407,3129.0,0.06338762,11.307861946406764,0.9335692524909972,8030986240.0
356,0.0,0.17494797706604,0.17494797706604,3080.0,0.173587,13.591511046004124,0.894079864025116,8030986240.0
357,0.0,0.1986726075410843,0.1986726075410843,3031.0,0.2095938,13.039219827680387,0.8669318556785583,8030986240.0
358,0.0,0.2268275469541549,0.2268275469541549,3061.0,0.046832234,12.463641836374135,0.890884280204773,8030986240.0
359,0.0,0.233586385846138,0.233586385846138,3137.0,0.061075546,12.336124361543146,0.943012833595276,8030986240.0
360,0.0,0.2011566907167434,0.2011566907167434,3020.0,0.15109341,12.985254749504996,0.9177428483963012,8030986240.0
361,0.0,0.3036047518253326,0.3036047518253326,3091.0,0.056568705,11.197514382514662,0.9692480564117432,8030986240.0
362,0.0,0.2770170569419861,0.2770170569419861,2901.0,0.08688782,11.595534451304855,0.9283246994018556,8030986240.0
363,0.0,0.1638645678758621,0.1638645678758621,2891.0,0.18144453,13.875749323498209,0.8754187226295471,8030986240.0
364,0.0,0.2307424992322921,0.2307424992322921,2930.0,-9.414833e-05,12.389324480383008,0.8679760098457336,8030986240.0
365,0.0,0.168733462691307,0.168733462691307,2915.0,0.22549805,13.748587838875716,0.8740643858909607,8030986240.0
366,0.0,0.250727117061615,0.250727117061615,3125.0,0.13032627,12.028586884263602,0.921187162399292,8030986240.0
367,0.0,0.2285333424806594,0.2285333424806594,2899.0,0.11190777,12.431103817731485,0.9034237265586852,8030986240.0
368,0.0,0.1651115268468856,0.1651115268468856,3138.0,0.14618535,13.84282570782834,0.8765519857406616,8030986240.0
369,0.0,0.2158855348825454,0.2158855348825454,3073.0,0.12913218,12.678364118035956,0.9141731262207032,8030986240.0
370,0.0,0.2431085109710693,0.2431085109710693,3014.0,0.05097096,12.162598235933991,0.8985720276832581,8030986240.0
371,0.0,0.2741672992706299,0.2741672992706299,2879.0,0.062957354,11.640443495721364,0.871554970741272,8030986240.0
372,0.0,0.23354172706604,0.23354172706604,3146.0,0.103499964,12.336955349668203,0.9164614081382751,8030986240.0
373,0.0,0.2580696642398834,0.2580696642398834,2985.0,0.09490911,11.903230347486776,0.9231602549552916,8030986240.0
374,0.0,0.2629419267177582,0.2629419267177582,3099.0,0.102765866,11.82200170603904,0.9122205972671508,8030986240.0
375,0.0,0.2843278348445892,0.2843278348445892,2988.0,0.09157802,11.482406420273106,0.9085442423820496,8030986240.0
376,0.0,0.2206260114908218,0.2206260114908218,3114.0,0.17226227,12.58403283558028,0.8909524083137512,8030986240.0
377,0.0,0.2080417424440384,0.2080417424440384,2881.0,0.17920557,12.839095015852235,0.8686267733573914,8030986240.0
378,0.0,0.2352509051561355,0.2352509051561355,3097.0,0.11640252,12.305286758064163,0.8992696404457092,8030986240.0
379,0.0,0.2299131751060485,0.2299131751060485,2910.0,0.065288976,12.404961478440658,0.9036098718643188,8030986240.0
380,0.0,0.1992793530225753,0.1992793530225753,2884.0,0.19968568,13.025977251187022,0.8829050660133362,8030986240.0
381,0.0,0.2045317441225052,0.2045317441225052,2921.0,0.15048034,12.912992162196552,0.8778505325317383,8030986240.0
382,0.0,0.2338443249464035,0.2338443249464035,3046.0,0.06766181,12.331331433482562,0.8926312923431396,8030986240.0
383,0.0,0.2177193909883499,0.2177193909883499,2956.0,0.16487965,12.641628305237042,0.8540154099464417,8030986240.0
384,0.0,0.177290603518486,0.177290603518486,3110.0,0.13937688,13.53374245138726,0.8860721588134766,8030986240.0
385,0.0,0.2280308455228805,0.2280308455228805,2889.0,0.16447327,12.440664213659725,0.9128304719924928,8030986240.0
386,0.0,0.2414312362670898,0.2414312362670898,2861.0,0.055322614,12.192665104922169,0.883389413356781,8030986240.0
387,0.0,0.2228150814771652,0.2228150814771652,2960.0,0.15790518,12.541154185152418,0.9010888338088988,8030986240.0
388,0.0,0.2001516371965408,0.2001516371965408,2959.0,0.0730134,13.007008312723142,0.9237324595451356,8030986240.0
389,0.0,0.1894498020410537,0.1894498020410537,2871.0,0.07661212,13.245658161024078,0.8830455541610718,8030986240.0
390,0.0,0.2250000238418579,0.2250000238418579,3155.0,0.09497237,12.498774531252629,0.9264087677001952,8030986240.0
391,0.0,0.2352611869573593,0.2352611869573593,3105.0,0.13624775,12.3050971039726,0.8386679887771606,8030986240.0
392,0.0,0.1614001542329788,0.1614001542329788,2884.0,0.08647399,13.94156070975728,0.8937925696372986,8030986240.0
393,0.0,0.2845493257045746,0.2845493257045746,3019.0,0.09705964,11.479024683523356,0.9171352386474608,8030986240.0
394,0.0,0.1816226691007614,0.1816226691007614,2873.0,0.15777087,13.428899434655232,0.8845743536949158,8030986240.0
395,0.0,0.165916621685028,0.165916621685028,2894.0,0.262868,13.821701261306153,0.8371725082397461,8030986240.0
396,0.0,0.2485156506299972,0.2485156506299972,3126.0,0.079592794,12.067062748017047,0.9082717895507812,8030986240.0
397,0.0,0.1900726109743118,0.1900726109743118,3126.0,0.18121359,13.231404370671187,0.8667892217636108,8030986240.0
398,0.0,0.2170550227165222,0.2170550227165222,3063.0,0.14978346,12.65490136243761,0.896901547908783,8030986240.0
399,0.0,0.186839148402214,0.186839148402214,2984.0,0.19997941,13.30592139038445,0.8437738418579102,8030986240.0
400,0.0,0.169545367360115,0.169545367360115,2956.0,0.24847183,13.72774054350138,0.8410029411315918,8030986240.0
401,0.0,0.2456069737672805,0.2456069737672805,3091.0,0.114946075,12.11819295923208,0.8455016613006592,8030986240.0
402,0.0,0.1741968542337417,0.1741968542337417,3127.0,0.25661576,13.61019649281186,0.8634356260299683,8030986240.0
403,0.0,0.2323705106973648,0.2323705106973648,2948.0,0.11334725,12.358789799701375,0.91156804561615,8030986240.0
404,0.0,0.1866482645273208,0.1866482645273208,3062.0,0.10877144,13.310360520309937,0.8739311099052429,8030986240.0
405,0.0,0.2659578919410705,0.2659578919410705,2981.0,0.113931,11.772470978777523,0.9143025279045104,8030986240.0
406,0.0,0.2178361862897873,0.2178361862897873,3059.0,0.20254692,12.63930005322779,0.9034602642059326,8030986240.0
407,0.0,0.2350482940673828,0.2350482940673828,2861.0,0.0595333,12.3090290630336,0.9097727537155152,8030986240.0
408,0.0,0.2094663828611374,0.2094663828611374,2938.0,0.10335,12.809456645195676,0.9000693559646606,8030986240.0
409,0.0,0.1875476688146591,0.1875476688146591,3015.0,0.19238442,13.289483328340864,0.8543422222137451,8030986240.0
410,0.0,0.2092824727296829,0.2092824727296829,3122.0,0.16372174,12.813271079040478,0.8994552493095398,8030986240.0
411,0.0,0.1928827911615371,0.1928827911615371,2860.0,0.24762744,13.167665281623428,0.9055330157279968,8030986240.0
412,0.0,0.2105177640914917,0.2105177640914917,3091.0,0.09704034,12.787712254601274,0.9017231464385986,8030986240.0
413,0.0,0.2535313963890075,0.2535313963890075,2965.0,0.04842072,11.98028209487002,0.8882491588592529,8030986240.0
414,0.0,0.2528399229049682,0.2528399229049682,3075.0,0.16399193,11.992143568337186,0.915425181388855,8030986240.0
415,0.0,0.1959489583969116,0.1959489583969116,3101.0,0.12968186,13.099170361406498,0.8973645567893982,8030986240.0
416,0.0,0.1570363193750381,0.1570363193750381,2973.0,0.10272616,14.060598912145226,0.8641992807388306,8030986240.0
417,0.0,0.2282425165176391,0.2282425165176391,3107.0,0.09050836,12.436634470569029,0.941181778907776,8030986240.0
418,0.0,0.216068148612976,0.216068148612976,2968.0,0.16887765,12.67469282723307,0.8886983394622803,8030986240.0
419,0.0,0.2488689869642257,0.2488689869642257,2995.0,0.058708392,12.060891837737309,0.9013063311576844,8030986240.0
420,0.0,0.1776982694864273,0.1776982694864273,3136.0,0.15997972,13.523767455383622,0.8775644302368164,8030986240.0
421,0.0,0.1873702555894851,0.1873702555894851,2873.0,0.15789466,13.293593567973875,0.8699976205825806,8030986240.0
422,0.0,0.2115500569343567,0.2115500569343567,2911.0,0.17364857,12.766468690266258,0.8835384845733643,8030986240.0
423,0.0,0.1848695874214172,0.1848695874214172,3051.0,0.19004574,13.351945185174884,0.9102368354797364,8030986240.0
424,0.0,0.3018646836280823,0.3018646836280823,2999.0,-0.094861925,11.222476834448653,0.8756819367408752,8030986240.0
425,0.0,0.2281882166862487,0.2281882166862487,3069.0,0.12436994,12.437667436675955,0.8602544665336609,8030986240.0
426,0.0,0.2248204797506332,0.2248204797506332,3107.0,0.0835981,12.502241771410771,0.9171375632286072,8030986240.0
427,0.0,0.2458948940038681,0.2458948940038681,2904.0,0.07208335,12.113104997719796,0.8944141864776611,8030986240.0
428,0.0,0.2009059190750122,0.2009059190750122,3092.0,0.15353245,12.990672763974985,0.9131945371627808,8030986240.0
429,0.0,0.2619096934795379,0.2619096934795379,3043.0,0.0814529,11.83908438555238,0.9119054079055786,8030986240.0
430,0.0,0.2144777029752731,0.2144777029752731,2949.0,0.014335891,12.706778360156116,0.8719066381454468,8030986240.0
431,0.0,0.2414996027946472,0.2414996027946472,2934.0,0.09397335,12.191435738311664,0.9255026578903198,8030986240.0
432,0.0,0.184888482093811,0.184888482093811,2880.0,0.17801896,13.35150107002795,0.8674317598342896,8030986240.0
433,0.0,0.2401660233736038,0.2401660233736038,2977.0,0.06173067,12.215483855318189,0.9364185333251952,8030986240.0
434,0.0,0.2862471640110016,0.2862471640110016,3016.0,0.08424594,11.453188254195425,0.9300076961517334,8030986240.0
435,0.0,0.2140941768884658,0.2140941768884658,3160.0,0.23886621,12.71455128962111,0.8883898854255676,8030986240.0
436,0.0,0.1774118542671203,0.1774118542671203,3106.0,0.22373821,13.530773853703632,0.8640148639678955,8030986240.0
437,0.0,0.2198432087898254,0.2198432087898254,3038.0,0.04296481,12.59946908376548,0.8906351923942566,8030986240.0
438,0.0,0.2448982745409011,0.2448982745409011,2955.0,0.0678623,12.1307425884041,0.8960899710655212,8030986240.0
439,0.0,0.2105646282434463,0.2105646282434463,3028.0,0.094780624,12.786746271223109,0.8787170648574829,8030986240.0
440,0.0,0.3278534710407257,0.3278534710407257,3065.0,0.052106593,10.863801260389396,0.9224505424499512,8030986240.0
441,0.0,0.2023455649614334,0.2023455649614334,2896.0,0.05878873,12.959662646200464,0.8841718435287476,8030986240.0
442,0.0,0.1950989812612533,0.1950989812612533,3058.0,0.11480421,13.118049477518444,0.8803132176399231,8030986240.0
443,0.0,0.2186579704284668,0.2186579704284668,2936.0,0.1758754,12.622947053405372,0.900883138179779,8030986240.0
444,0.0,0.2347350716590881,0.2347350716590881,3083.0,0.1149333,12.314820027449915,0.9187130928039552,8030986240.0
445,0.0,0.1802469044923782,0.1802469044923782,3096.0,0.18666416,13.461921779111565,0.854738712310791,8030986240.0
446,0.0,0.2272058129310608,0.2272058129310608,2957.0,0.01727931,12.456405497438736,0.8921841382980347,8030986240.0
447,0.0,0.2278205007314682,0.2278205007314682,2948.0,0.22399622,12.444671912737691,0.8625024557113647,8030986240.0
448,0.0,0.3056217730045318,0.3056217730045318,3129.0,0.087997034,11.1687570681568,0.8768942356109619,8030986240.0
449,0.0,0.2131640166044235,0.2131640166044235,2892.0,0.120015904,12.73346122361708,0.8413990139961243,8030986240.0
450,0.0,0.2356029748916626,0.2356029748916626,3016.0,0.1320506,12.298792209361023,0.9087358117103576,8030986240.0
451,0.0,0.1848925203084945,0.1848925203084945,2960.0,0.14999561,13.351406659495042,0.8684452176094055,8030986240.0
452,0.0,0.2837155163288116,0.2837155163288116,3096.0,0.05949664,11.491769145989563,0.856042742729187,8030986240.0
453,0.0,0.2129724621772766,0.2129724621772766,3097.0,0.06398706,12.737364804020489,0.8624911308288574,8030986240.0
454,0.0,0.2643473446369171,0.2643473446369171,3074.0,0.09398629,11.798850454616822,0.87665855884552,8030986240.0
455,0.0,0.2151550501585006,0.2151550501585006,2863.0,0.0079904,12.693084809540228,0.9127909541130066,8030986240.0
456,0.0,0.2660141885280609,0.2660141885280609,2866.0,0.1537343,11.771552001472443,0.9069766998291016,8030986240.0
457,0.0,0.2288641482591629,0.2288641482591629,2983.0,0.06090612,12.424821868591684,0.8979012966156006,8030986240.0
458,0.0,0.2557937800884247,0.2557937800884247,2874.0,0.14103734,11.941701082625864,0.9125770330429076,8030986240.0
459,0.0,0.1974254697561264,0.1974254697561264,3021.0,0.021183306,13.066568295053523,0.883355438709259,8030986240.0
460,0.0,0.240820050239563,0.240820050239563,3023.0,0.12787977,12.20367323758265,0.870319128036499,8030986240.0
461,0.0,0.2265336066484451,0.2265336066484451,3135.0,0.11445163,12.469273300305888,0.886616587638855,8030986240.0
462,0.0,0.2543056309223175,0.2543056309223175,3089.0,0.09221536,11.96703968588406,0.9120879173278807,8030986240.0
463,0.0,0.2480478137731552,0.2480478137731552,2941.0,0.091369085,12.075246288101129,0.8975660800933838,8030986240.0
464,0.0,0.1953741759061813,0.1953741759061813,3152.0,0.12455738,13.111928288971663,0.8528862595558167,8030986240.0
465,0.0,0.1601636558771133,0.1601636558771133,3070.0,0.1515025,13.974960100030046,0.8312638401985168,8030986240.0
466,0.0,0.2246110588312149,0.2246110588312149,2986.0,0.05944305,12.506288094794504,0.8911275267601013,8030986240.0
467,0.0,0.1779373288154602,0.1779373288154602,3088.0,0.1866884,13.51792916550952,0.8631058931350708,8030986240.0
468,0.0,0.2122542262077331,0.2122542262077331,3057.0,0.11462119,12.75203676314728,0.9016411304473876,8030986240.0
469,0.0,0.1939287036657333,0.1939287036657333,2939.0,0.11599022,13.144179588660236,0.8879604339599609,8030986240.0
470,0.0,0.2198628634214401,0.2198628634214401,2872.0,0.13523003,12.599081205851856,0.9297243356704712,8030986240.0
471,0.0,0.1835561543703079,0.1835561543703079,3124.0,0.16842261,13.382910482799824,0.8811108469963074,8030986240.0
472,0.0,0.2220172137022018,0.2220172137022018,2885.0,0.13520828,12.55673393176764,0.8859732151031494,8030986240.0
473,0.0,0.2000393271446228,0.2000393271446228,3155.0,0.26893082,13.009446141497811,0.8895919919013977,8030986240.0
474,0.0,0.2329333871603012,0.2329333871603012,2942.0,0.1989515,12.348282240978408,0.9377591609954834,8030986240.0
475,0.0,0.1952443569898605,0.1952443569898605,3011.0,0.08457478,13.114815345135414,0.8792628049850464,8030986240.0
476,0.0,0.2145705372095108,0.2145705372095108,2966.0,0.21072724,12.704899184215792,0.9175269603729248,8030986240.0
477,0.0,0.2019468396902084,0.2019468396902084,3017.0,0.19880153,12.968229234419926,0.8786330223083496,8030986240.0
478,0.0,0.1635862737894058,0.1635862737894058,3083.0,0.10238587,13.88313155839068,0.8769115209579468,8030986240.0
479,0.0,0.2690271437168121,0.2690271437168121,2885.0,0.08839692,11.72263940369133,0.9311881065368652,8030986240.0
480,0.0,0.2028990536928177,0.2028990536928177,3026.0,0.20621783,12.947799726616536,0.8864864110946655,8030986240.0
481,0.0,0.2072881013154983,0.2072881013154983,3127.0,0.039011184,12.8548560796407,0.9151398539543152,8030986240.0
482,0.0,0.2208354920148849,0.2208354920148849,2960.0,0.14840612,12.579911260944185,0.9153605699539183,8030986240.0
483,0.0,0.2413098961114883,0.2413098961114883,2999.0,0.055036888,12.194848267596276,0.9779925346374512,8030986240.0
484,0.0,0.2538197934627533,0.2538197934627533,3024.0,0.0821109,11.975345593379563,0.9200291633605956,8030986240.0
485,0.0,0.2366075962781906,0.2366075962781906,2891.0,0.043193497,12.280313384653743,0.9373430013656616,8030986240.0
486,0.0,0.1666671186685562,0.1666671186685562,3040.0,0.11597874,13.802100085193876,0.9304295182228088,8030986240.0
487,0.0,0.2536270916461944,0.2536270916461944,3080.0,0.09802483,11.978643891882218,0.9715632200241088,8030986240.0
488,0.0,0.2264324873685836,0.2264324873685836,2929.0,0.033102255,12.471212205652597,0.8891378045082092,8030986240.0
489,0.0,0.1985238641500473,0.1985238641500473,3138.0,0.07798107,13.042472965100949,0.9057973027229308,8030986240.0
490,0.0,0.1820780485868454,0.1820780485868454,2865.0,0.134051,13.418024107629382,0.8781331777572632,8030986240.0
491,0.0,0.1625305116176605,0.1625305116176605,3054.0,0.12397562,13.911250865908327,0.8777292966842651,8030986240.0
492,0.0,0.2239109724760055,0.2239109724760055,3079.0,0.115487844,12.519846305275992,0.9010639786720276,8030986240.0
493,0.0,0.2220893949270248,0.2220893949270248,2964.0,0.021205602,12.555321852286385,0.8789183497428894,8030986240.0
494,0.0,0.2320661395788192,0.2320661395788192,3095.0,0.09292838,12.364482564601284,0.8961291909217834,8030986240.0
495,0.0,0.2463507652282714,0.2463507652282714,3073.0,0.075474195,12.10506065030422,0.8804699778556824,8030986240.0
496,0.0,0.2155621796846389,0.2155621796846389,3132.0,0.12847176,12.684874264741538,0.8983791470527649,8030986240.0
497,0.0,0.2872812449932098,0.2872812449932098,3019.0,0.119507626,11.437527356245358,0.8978338241577148,8030986240.0
498,0.0,0.1839188784360885,0.1839188784360885,2992.0,0.21047652,13.374337260388732,0.8926522731781006,8030986240.0
499,0.0,0.1872879862785339,0.1872879862785339,3147.0,0.17265363,13.29550091878559,0.8346639275550842,8030986240.0
500,0.0,0.2708527743816376,0.2708527743816376,2879.0,0.12576817,11.693266633251058,0.8980602025985718,8030986240.0
501,0.0,0.2125139385461807,0.2125139385461807,3101.0,0.12471317,12.746725712394756,0.9139419794082642,8030986240.0
502,0.0,0.1880668401718139,0.1880668401718139,2992.0,0.15526739,13.277477667277289,0.828819215297699,8030986240.0
503,0.0,0.1769651770591735,0.1769651770591735,3069.0,0.103860445,13.54172196499153,0.8669506311416626,8030986240.0
504,0.0,0.207350268959999,0.207350268959999,2978.0,0.20871356,12.8535531573979,0.8989000916481018,8030986240.0
505,0.0,0.1895399242639541,0.1895399242639541,3107.0,0.16275859,13.243593085577432,0.8946821689605713,8030986240.0
506,0.0,0.1753002852201461,0.1753002852201461,3109.0,0.2524743,13.58277395965368,0.872235894203186,8030986240.0
507,0.0,0.1971242427825927,0.1971242427825927,3047.0,0.12629579,13.073199788550957,0.8695929050445557,8030986240.0
508,0.0,0.2035760879516601,0.2035760879516601,3155.0,0.10517578,12.933332653243347,0.8953273892402649,8030986240.0
509,0.0,0.1773756295442581,0.1773756295442581,3083.0,0.23443016,13.531660393161644,0.8791797757148743,8030986240.0
510,0.0,0.2355065941810608,0.2355065941810608,3061.0,-0.018789109,12.300569107228124,0.9007779955863952,8030986240.0
511,0.0,0.2008623629808426,0.2008623629808426,2951.0,0.19972521,12.991613792086872,0.9207590818405152,8030986240.0
512,0.0,0.1879183202981948,0.1879183202981948,3012.0,0.05941367,13.280908331015514,0.8689119219779968,8030986240.0
513,0.0,0.2364845424890518,0.2364845424890518,3114.0,0.10816871,12.282572182380386,0.876434326171875,8030986240.0
514,0.0,0.2196207642555236,0.2196207642555236,2868.0,0.20733836,12.603865969693002,0.8493500351905823,8030986240.0
515,0.0,0.2747631967067718,0.2747631967067718,2983.0,0.11031872,11.631014507899664,0.9354709386825562,8030986240.0
516,0.0,0.218410849571228,0.218410849571228,3138.0,0.156747,12.627858100236312,0.875138521194458,8030986240.0
517,0.0,0.187305137515068,0.187305137515068,3146.0,0.17087659,13.295102926440483,0.8752774000167847,8030986240.0
518,0.0,0.2615347802639007,0.2615347802639007,3014.0,0.07524152,11.845305805231993,0.8877890110015869,8030986240.0
519,0.0,0.1591488867998123,0.1591488867998123,3142.0,0.2141245,14.002564332048468,0.825238049030304,8030986240.0
520,0.0,0.177399680018425,0.177399680018425,2987.0,0.13881195,13.53107154176876,0.8697614073753357,8030986240.0
521,0.0,0.2519986033439636,0.2519986033439636,3007.0,0.122759804,12.006617858447685,0.882030189037323,8030986240.0
522,0.0,0.2162479609251022,0.2162479609251022,3108.0,0.08007581,12.671079840091338,0.9005477428436279,8030986240.0
523,0.0,0.285362958908081,0.285362958908081,2912.0,0.11994749,11.466623770146285,0.8985036611557007,8030986240.0
524,0.0,0.2197857350111007,0.2197857350111007,2996.0,0.13019902,12.600605065846423,0.9025577902793884,8030986240.0
525,0.0,0.2439734488725662,0.2439734488725662,2870.0,0.12645759,12.147174239096245,0.8507049679756165,8030986240.0
526,0.0,0.2321227043867111,0.2321227043867111,2925.0,0.024073683,12.36342375488048,0.9070837497711182,8030986240.0
527,0.0,0.1870926171541214,0.1870926171541214,2867.0,0.18202995,13.300033031151026,0.865114688873291,8030986240.0
528,0.0,0.2776338160037994,0.2776338160037994,3056.0,0.07904276,11.585876826332536,0.92047119140625,8030986240.0
529,0.0,0.2384148091077804,0.2384148091077804,2947.0,0.116580725,12.247267399604551,0.8821378350257874,8030986240.0
530,0.0,0.2115003615617752,0.2115003615617752,3109.0,0.07329135,12.767488142297008,0.8898146152496338,8030986240.0
531,0.0,0.2268807142972946,0.2268807142972946,2919.0,0.17699996,12.46262361965238,0.8855419754981995,8030986240.0
532,0.0,0.2056790441274643,0.2056790441274643,3147.0,0.20321687,12.88869973432634,0.8792260885238647,8030986240.0
533,0.0,0.1577480137348175,0.1577480137348175,3029.0,0.19304106,14.040960826791853,0.8884457945823669,8030986240.0
534,0.0,0.1693627387285232,0.1693627387285232,3009.0,0.21074918,13.73242085767384,0.8157429695129395,8030986240.0
535,0.0,0.2452424168586731,0.2452424168586731,3154.0,-0.059035968,12.124644380748158,0.8455709218978882,8030986240.0
536,0.0,0.2015109211206436,0.2015109211206436,3149.0,0.13213569,12.97761360777066,0.8692666292190552,8030986240.0
537,0.0,0.2438947707414627,0.2438947707414627,2942.0,0.09526789,12.14857516033601,0.8592594265937805,8030986240.0
538,0.0,0.2274223566055297,0.2274223566055297,3018.0,0.19109741,12.452267710390634,0.8646554350852966,8030986240.0
539,0.0,0.2485587149858474,0.2485587149858474,2977.0,0.024519071,12.066309972145069,0.8926060795783997,8030986240.0
540,0.0,0.1740970164537429,0.1740970164537429,3148.0,0.18224119,13.612686644448193,0.8818636536598206,8030986240.0
541,0.0,0.1900722980499267,0.1900722980499267,2986.0,0.10720657,13.231411421054451,0.8562546372413635,8030986240.0
542,0.0,0.2165629416704177,0.2165629416704177,2986.0,0.10602405,12.664758160976756,0.8969182372093201,8030986240.0
543,0.0,0.2422100901603698,0.2422100901603698,2976.0,0.14522412,12.178677587327854,0.9349143505096436,8030986240.0
544,0.0,0.2203990668058395,0.2203990668058395,2974.0,0.13775143,12.5885025327341,0.9162973165512084,8030986240.0
545,0.0,0.2304242849349975,0.2304242849349975,3026.0,0.17191428,12.39531774248418,0.8823678493499756,8030986240.0
546,0.0,0.2016475051641464,0.2016475051641464,3102.0,0.18543026,12.9746718870736,0.8965294361114502,8030986240.0
547,0.0,0.1807497590780258,0.1807497590780258,2992.0,0.1485076,13.449823045989492,0.8591434955596924,8030986240.0
548,0.0,0.2125689387321472,0.2125689387321472,2958.0,0.14339104,12.74560201058801,0.92097806930542,8030986240.0
549,0.0,0.2636587917804718,0.2636587917804718,3040.0,0.07752292,11.810178033514507,0.8713980317115784,8030986240.0
550,0.0,0.2485263496637344,0.2485263496637344,3102.0,0.020309985,12.06687546675262,0.8771885633468628,8030986240.0
average,0.0,0.23791927123611623,0.23791927123611623,3013.183636363636,0.0893285422988909,12.325275070040124,0.9181887672164223,8030986240.0
